,Train_Count,Train_Mean,Train_Std,Train_Min,Train_25%,Train_50%,Train_75%,Train_Max,Test_Count,Test_Mean,Test_Std,Test_Min,Test_25%,Test_50%,Test_75%,Test_Max
temp_avg,30205.0,1.9571976697646195e-16,1.000016553961778,-2.1026994238537036,-0.8392966162436922,0.14710343675663715,0.7889390876815092,1.6334596810037094,12914.0,-5.061942983578227e-16,1.0000387199194771,-2.0295487997597745,-0.8463863886166682,0.14401360722784298,0.8153585708539874,1.6462310505893152
dew_point_avg,30205.0,-8.431005346678361e-16,1.0000165539617782,-1.8962347671439828,-0.8019557633693588,-0.07535450486300878,0.9488906426700394,1.771788453508556,12914.0,4.577757132975092e-16,1.000038719919477,-1.8348935785881955,-0.810783909267033,-0.09136802585960457,0.9581327922877033,1.711403540796657
humidity_avg,30205.0,1.806644002859649e-16,1.000016553961778,-2.356267510753189,-0.7207615234327467,0.21208263229817206,0.6724472805809637,2.11411552125602,12914.0,5.370061252143858e-16,1.000038719919477,-2.44718624445415,-0.6017677630500379,0.20138778865739934,0.6612096694059323,2.0774610621114142
wind_speed_avg,30205.0,-1.6560903359546781e-16,1.000016553961778,-1.4768561443672132,-0.8716955480186834,-0.08235563973799216,0.7069842685426992,3.31180596586898,12914.0,-4.841858506031347e-17,1.0000387199194771,-1.449798136063542,-0.8546021129067237,-0.07825947400652614,0.6980831648936717,3.2600138732643233
pressure_avg,30205.0,6.850191844176169e-16,1.000016553961778,-9.362872455409272,-0.5178830835025969,0.07178287462451277,0.6614488327516225,1.2511147908787321,12914.0,7.619324612672965e-15,1.0000387199194771,-8.996274822525429,-0.4855726616195837,0.08180748244080406,0.6491876265011918,1.2165677705615794
